{
  "code": 0,
  "message": "请求成功",
  "data": [
    {
      "value": "CST+12:00:00",
      "desc": "(GMT-12:00) 日界线西"
    },
    {
      "value": "CST+11:00:00",
      "desc": "(GMT-11:00) 中途岛，萨摩亚群岛"
    },
    {
      "value": "CST+10:00:00",
      "desc": "(GMT-10:00) 夏威夷"
    },
    {
      "value": "CST+9:00:00",
      "desc": "(GMT-09:00) 阿拉斯加"
    },
    {
      "value": "CST+8:00:00",
      "desc": "(GMT-08:00) 太平洋时间(美国和加拿大)"
    },
    {
      "value": "CST+7:00:00",
      "desc": "(GMT-07:00) 山地时间(美国和加拿大)"
    },
    {
      "value": "CST+6:00:00",
      "desc": "(GMT-06:00) 中部时间(美国和加拿大)"
    },
    {
      "value": "CST+5:00:00",
      "desc": "(GMT-05:00) 东部时间(美国和加拿大)"
    },
    {
      "value": "CST+4:30:00",
      "desc": "(GMT-04:30) 加拉斯加"
    },
    {
      "value": "CST+4:00:00",
      "desc": "(GMT-04:00) 大西洋时间(加拿大)"
    },
    {
      "value": "CST+3:30:00",
      "desc": "(GMT-03:30) 纽芬兰"
    },
    {
      "value": "CST+3:00:00",
      "desc": "(GMT-03:00) 乔治敦、巴西利亚"
    },
    {
      "value": "CST+2:00:00",
      "desc": "(GMT-02:00) 中大西洋"
    },
    {
      "value": "CST+1:00:00",
      "desc": "(GMT-01:00) 佛得角群岛、亚速尔群岛"
    },
    {
      "value": "CST+0:00:00",
      "desc": "(GMT+00:00) 都柏林、爱丁堡、伦敦"
    },
    {
      "value": "CST-1:00:00",
      "desc": "(GMT+01:00) 阿姆斯特丹、柏林、罗马、巴黎"
    },
    {
      "value": "CST-2:00:00",
      "desc": "(GMT+02:00) 雅典、耶路撒冷"
    },
    {
      "value": "CST-3:00:00",
      "desc": "(GMT+03:00) 巴格达、科威特、莫斯科、伊斯坦布尔"
    },
    {
      "value": "CST-3:30:00",
      "desc": "(GMT+03:30) 德黑兰"
    },
    {
      "value": "CST-4:00:00",
      "desc": "(GMT+04:00) 高加索标准时间"
    },
    {
      "value": "CST-4:30:00",
      "desc": "(GMT+04:30) 喀布尔"
    },
    {
      "value": "CST-5:00:00",
      "desc": "(GMT+05:00) 伊斯兰堡、卡拉奇、塔什干"
    },
    {
      "value": "CST-5:30:00",
      "desc": "(GMT+05:30) 马德拉斯、孟买、新德里"
    },
    {
      "value": "CST-5:45:00",
      "desc": "(GMT+05:45) 加德满都"
    },
    {
      "value": "CST-6:00:00",
      "desc": "(GMT+06:00) 阿拉木图、达卡"
    },
    {
      "value": "CST-6:30:00",
      "desc": "(GMT+06:30) 仰光"
    },
    {
      "value": "CST-7:00:00",
      "desc": "(GMT+07:00) 曼谷、河内、雅加达、新西伯利亚"
    },
    {
      "value": "CST-8:00:00",
      "desc": "(GMT+08:00) 北京、乌鲁木齐、新加坡"
    },
    {
      "value": "CST-9:00:00",
      "desc": "(GMT+09:00) 首尔、东京、大阪、札幌"
    },
    {
      "value": "CST-9:30:00",
      "desc": "(GMT+09:30) 阿德莱德、达尔文"
    },
    {
      "value": "CST-10:00:00",
      "desc": "(GMT+10:00) 墨尔本、悉尼、堪培拉"
    },
    {
      "value": "CST-11:00:00",
      "desc": "(GMT+11:00) 马加丹、索罗门群岛"
    },
    {
      "value": "CST-12:00:00",
      "desc": "(GMT+12:00) 奥克兰、惠灵顿"
    },
    {
      "value": "CST-13:00:00",
      "desc": "(GMT+13:00) 努库阿洛法"
    }
  ]
}
