{
  "code": 0,
  "message": "请求成功",
  "data": [
    {
      "number": 1,
      "userName": "admin",
      "userType": "管理员",
      "ip": "172.16.11.111",
      "userHandleTime": "2018-10-24 09:34:56"
    },
    {
      "number": 2,
      "userName": "admin",
      "userType": "管理员",
      "ip": "172.16.11.111",
      "userHandleTime": "2018-10-24 09:34:56"
    },
    {
      "number": 3,
      "userName": "admin",
      "userType": "管理员",
      "ip": "172.16.11.111",
      "userHandleTime": "2018-10-24 09:34:56"
    },
    {
      "number": 4,
      "userName": "admin",
      "userType": "管理员",
      "ip": "172.16.11.111",
      "userHandleTime": "2018-10-24 09:34:56"
    },
    {
      "number": 5,
      "userName": "admin",
      "userType": "管理员",
      "ip": "172.16.11.111",
      "userHandleTime": "2018-10-24 09:34:56"
    },
    {
      "number": 6,
      "userName": "admin",
      "userType": "管理员",
      "ip": "172.16.11.111",
      "userHandleTime": "2018-10-24 09:34:56"
    },
    {
      "number": 7,
      "userName": "admin",
      "userType": "管理员",
      "ip": "172.16.11.111",
      "userHandleTime": "2018-10-24 09:34:56"
    },
    {
      "number": 8,
      "userName": "admin",
      "userType": "管理员",
      "ip": "172.16.11.111",
      "userHandleTime": "2018-10-24 09:34:56"
    },
    {
      "number": 9,
      "userName": "admin",
      "userType": "管理员",
      "ip": "172.16.11.111",
      "userHandleTime": "2018-10-24 09:34:56"
    },
    {
      "number": 10,
      "userName": "admin",
      "userType": "管理员",
      "ip": "172.16.11.111",
      "userHandleTime": "2018-10-24 09:34:56"
    },
    {
      "number": 11,
      "userName": "admin",
      "userType": "管理员",
      "ip": "172.16.11.111",
      "userHandleTime": "2018-10-24 09:34:56"
    }
  ]
}